,lower,upper,bid,Imps,spend,clicks,CTR,eCPC,CPM
1,30,80,65,127669,4057.555,50,0.00039163775074606993,81.1511,31.781834274569395
2,30,85,76,134751,4531.353,56,0.0004155813314929017,80.91701785714285,33.627602021506334
3,30,90,63,141360,4991.369,70,0.0004951895868704018,71.30527142857143,35.30962790039615
4,30,95,34,148008,5459.13,75,0.0005067293659802173,72.7884,36.88401978271445
5,30,100,87,153438,5851.375,75,0.0004887967778516404,78.01833333333333,38.135109946688566
6,30,105,44,158574,6233.926,77,0.0004855777113524285,80.96007792207793,39.312409348316876
7,30,110,91,154765,6249.955,69,0.00044583723710141184,90.57905797101449,40.38351694504571
8,30,115,57,151141,6249.985,68,0.0004499110102487082,91.91154411764705,41.3520156674893
9,30,120,44,147965,6249.981,58,0.00039198459095056263,107.75829310344827,42.239590443686005
10,30,125,104,144656,6249.924,66,0.00045625483906647495,94.69581818181818,43.20542528481363
11,30,130,83,142565,6250.0,67,0.0004699610703889454,93.28358208955224,43.83965208852103
12,30,135,133,140246,6249.957,65,0.00046347132895055833,96.15318461538462,44.56424425652069
13,30,140,77,137851,6249.995,66,0.00047877781082473103,94.69689393939393,45.33877157220477
14,30,145,130,135713,6249.997,64,0.0004715834150007737,97.656203125,46.05304576569673
15,30,150,94,133737,6249.974,60,0.0004486417371408062,104.16623333333334,46.73331987408122
16,30,155,93,131763,6249.979,68,0.0005160781099398161,91.91145588235294,47.433490433581504
17,30,160,154,130227,6249.994,66,0.00050680734409915,94.69687878787879,47.99307363296398
18,30,165,61,128419,6249.998,63,0.0004905816117552698,99.20631746031745,48.66879511598751
19,30,170,104,126379,6249.975,61,0.000482675127988036,102.45860655737705,49.45422103355779
20,30,175,149,124601,6249.988,63,0.0005056139196314637,99.20615873015873,50.1600147671367
21,30,180,107,123224,6249.958,63,0.0005112640394728299,99.20568253968253,50.72029799389729
22,30,185,115,121903,6249.93,61,0.0005003978573127815,102.45786885245901,51.26969803860447
23,30,190,185,120116,6249.947,65,0.00054114356122415,96.15303076923077,52.032593492956806
24,30,195,121,118778,6249.953,63,0.0005304012527572446,99.20560317460318,52.618776204347604
25,30,200,174,117686,6249.958,57,0.00048433968356474005,109.64838596491228,53.107064561630104
26,30,205,51,116406,6249.995,54,0.000463893613731251,115.74064814814814,53.691347525041664
27,30,210,78,115166,6249.986,54,0.0004688883871976104,115.74048148148148,54.26936769532674
28,30,215,127,113701,6249.981,61,0.0005364948417340217,102.45870491803278,54.96856667927283
29,30,220,108,112680,6249.94,55,0.0004881079162229322,113.63527272727272,55.466276180333686
30,30,225,193,111689,6249.978,60,0.0005372059916374934,104.1663,55.95876048670863
31,30,230,165,110601,6249.964,63,0.0005696151029375865,99.20577777777778,56.509109320892215
32,30,235,227,109666,6249.952,58,0.0005288785950066566,107.75779310344828,56.99079021756971
33,30,240,125,108446,6249.953,54,0.0004979436770374195,115.73987037037038,57.63193663205651
34,30,245,109,107664,6249.976,54,0.0005015604101649576,115.7402962962963,58.0507504829841
35,30,250,89,106962,6249.994,63,0.0005889942222471532,99.20625396825396,58.4319103980853
36,30,255,174,105819,6249.97,53,0.0005008552339371946,117.92396226415094,59.06283370661223
37,30,260,247,105121,6249.996,52,0.0004946680492004452,120.19223076923078,59.45525632366511
38,30,265,169,104298,6249.972,59,0.0005656867821051219,105.93172881355932,59.92417879537479
39,30,270,160,103556,6249.971,57,0.0005504268222024798,109.64861403508772,60.35353818223956
40,30,275,205,103060,6249.967,55,0.0005336697069668155,113.63576363636363,60.643964680768484
41,30,280,275,102274,6249.855,57,0.0005573263977159395,109.64657894736841,61.108932866613216
42,30,285,208,101658,6249.988,58,0.0005705404395128765,107.75841379310346,61.480532766727656
43,30,290,156,100939,6249.96,54,0.0005349765700076284,115.74,61.91818821268291
44,30,295,46,100346,6249.983,57,0.0005680346002830207,109.64882456140352,62.28432623123991
45,30,300,229,99679,6249.925,49,0.0004915779652685119,127.54948979591838,62.70051866491438
46,30,305,62,99333,6249.985,53,0.0005335588374457633,117.92424528301886,62.919523219876574
47,35,80,44,133591,4360.294,52,0.0003892477786677246,83.85180769230769,32.63912988150399
48,35,85,67,140497,4833.332,59,0.00041993779226602704,81.92088135593221,34.4016740570973
49,35,90,62,147517,5330.107,60,0.0004067327833402252,88.83511666666666,36.13215426018696
50,35,95,75,153877,5783.975,71,0.00046140748779869634,81.46443661971831,37.58830104564035
51,35,100,93,159504,6205.33,75,0.0004702076436954559,82.73773333333334,38.903914635369645
52,35,105,99,155954,6249.958,66,0.00042320171332572423,94.69633333333333,40.07565051233056
53,35,110,84,152286,6249.977,56,0.0003677291412211234,111.60673214285714,41.04104776538881
54,35,115,94,149045,6249.92,78,0.0005233318796336677,80.12717948717949,41.9331074507699
55,35,120,116,145651,6249.981,70,0.0004806008884250709,89.28544285714285,42.91066316056876
56,35,125,95,143291,6249.986,68,0.00047455876503060205,91.9115588235294,43.617435847331656
57,35,130,128,140890,6249.998,68,0.00048264603591454324,91.91173529411765,44.3608346937327
58,35,135,103,138591,6249.972,73,0.0005267297299247426,85.61605479452055,45.09652141913977
59,35,140,121,136321,6249.958,61,0.0004474732433007387,102.45832786885245,45.84736027464587
60,35,145,100,134378,6249.965,67,0.0004985935197725818,93.28305970149253,46.51032907172305
61,35,150,106,132726,6249.985,65,0.0004897307234452933,96.15361538461538,47.089379624188176
62,35,155,115,130439,6249.99,68,0.0005213164774338963,91.91161764705882,47.915040747015844
63,35,160,38,128814,6249.985,62,0.00048131414287266915,100.80620967741935,48.51945440712966
64,35,165,145,127101,6249.959,66,0.000519272074964005,94.69634848484849,49.17316936924178
65,35,170,111,125471,6249.987,63,0.00050210805684182,99.20614285714286,49.812203616772
66,35,175,95,123763,6249.979,62,0.0005009574751743251,100.80611290322581,50.499575802137954
67,35,180,101,122337,6249.933,63,0.0005149709409254763,99.20528571428571,51.08783932906643
68,35,185,144,120807,6249.936,64,0.0005297706258743284,97.65525,51.734882912414015
69,35,190,147,119291,6249.9,59,0.0004945888625294448,105.93050847457627,52.39204969360639
70,35,195,179,118248,6249.992,57,0.0004820377511670388,109.64898245614036,52.85494892091198
71,35,200,87,116954,6249.978,53,0.0004531696222446432,117.92411320754717,53.43962583579869
72,35,205,64,115349,6249.977,54,0.0004681445006025193,115.74031481481481,54.183191878559846
73,35,210,90,114503,6249.993,57,0.0004978035509986638,109.649,54.58366156345249
74,35,215,194,113372,6249.96,54,0.00047630808312458105,115.74,55.12789754083901
75,35,220,124,112065,6249.899,57,0.000508633382411993,109.64735087719299,55.77030294918128
76,35,225,214,111026,6249.993,63,0.0005674346549456884,99.2062380952381,56.29305748203124
77,35,230,106,110051,6249.996,53,0.00048159489691143196,117.92445283018868,56.79181470409174
78,35,235,220,109070,6249.985,56,0.0005134317410837077,111.60687499999999,57.30251214816173
79,35,240,119,108027,6249.982,54,0.0004998750312421895,115.7404074074074,57.85573976876152
80,35,245,214,107074,6249.971,62,0.0005790387955993051,100.80598387096774,58.37057548984814
81,35,250,50,106184,6249.972,59,0.0005556392676862804,105.93172881355932,58.859828222707755
82,35,255,219,105400,6249.926,53,0.0005028462998102467,117.9231320754717,59.29721062618596
83,35,260,189,104969,6249.99,62,0.0005906505730263221,100.80629032258064,59.54129314369004
84,35,265,88,103843,6249.955,56,0.0005392756372600946,111.60633928571428,60.1865797405699
85,35,270,82,103134,6249.947,60,0.000581767409389726,104.16578333333334,60.60025791688483
86,35,275,217,102646,6249.962,52,0.0005065954835064201,120.19157692307694,60.888510024745244
87,35,280,214,101737,6249.923,59,0.0005799266736782095,105.93089830508474,61.43215349381248
88,35,285,152,101241,6249.987,55,0.0005432581661579794,113.63612727272728,61.73375411147658
89,35,290,283,100350,6249.923,60,0.0005979073243647235,104.16538333333332,62.281245640259094
90,35,295,218,99974,6249.988,51,0.0005101326344849661,122.54878431372549,62.51613419489067
91,35,300,192,99255,6249.96,54,0.0005440531963125284,115.74,62.96871694121203
92,35,305,288,98627,6249.863,56,0.0005677958368398106,111.60469642857143,63.36868200391373
93,40,80,71,139499,4677.806,57,0.0004086050796063054,82.06677192982455,33.53289987741848
94,40,85,84,146883,5188.681,61,0.0004152965285295099,85.06034426229508,35.32526568765616
95,40,90,66,153625,5672.298,61,0.0003970707892595606,92.98849180327869,36.92301383238405
96,40,95,43,160256,6160.796,67,0.00041808107028753995,91.95217910447762,38.443465455271564
97,40,100,63,157680,6249.974,67,0.00042491121258244545,93.28319402985075,39.63707508878742
98,40,105,84,153495,6249.949,72,0.0004690706537672237,86.80484722222222,40.717606436691746
99,40,110,76,149616,6249.991,64,0.00042776173671265103,97.656109375,41.7735469468506
100,40,115,114,146656,6249.918,62,0.0004227580187650011,100.80512903225807,42.61617663102771
101,40,120,101,143608,6249.998,67,0.0004665478246337251,93.28355223880597,43.521238371121385
102,40,125,101,141232,6249.921,69,0.0004885578339186587,90.57856521739131,44.252867622068656
103,40,130,83,138754,6249.95,65,0.00046845496346051285,96.15307692307692,45.04338613661588
104,40,135,112,136653,6249.945,60,0.0004390682970736098,104.16574999999999,45.73587846589537
105,40,140,116,134573,6249.997,65,0.0004830092217606801,96.1538,46.44317210733208
106,40,145,109,133091,6249.964,63,0.00047336033240414456,99.20577777777778,46.960079945300585
107,40,150,149,131108,6249.945,68,0.0005186563748970314,91.91095588235294,47.67020319126217
108,40,155,139,129159,6249.958,64,0.0004955132820786782,97.65559375,48.389643772404554
109,40,160,81,127565,6249.939,59,0.00046250930897973584,105.93116949152542,48.994152000940694
110,40,165,75,125795,6249.97,60,0.00047696649310385945,104.16616666666667,49.68377121507214
111,40,170,169,124281,6249.966,60,0.00048277693291814516,104.1661,50.2889902720448
112,40,175,122,122940,6249.94,62,0.0005043110460387181,100.80548387096773,50.83731901740686
113,40,180,59,121198,6249.995,61,0.0005033086354560306,102.4589344262295,51.5684664763445
114,40,185,155,119635,6249.993,64,0.0005349605048689765,97.656140625,52.242178292305766
115,40,190,121,118229,6249.96,60,0.0005074897021881264,104.166,52.86317231812838
116,40,195,123,117189,6249.995,59,0.0005034602223758203,105.9321186440678,53.33260800928415
117,40,200,68,115984,6249.988,54,0.00046558145951165677,115.74051851851853,53.88663953648779
118,40,205,144,114808,6249.923,52,0.0004529301094000418,120.19082692307691,54.43804438715072
119,40,210,156,113791,6249.879,56,0.0004921303090754101,111.60498214285714,54.92419435631992
120,40,215,142,112429,6249.972,49,0.0004358306130980441,127.55044897959183,55.59039037970631
121,40,220,93,111361,6249.992,63,0.0005657276784511633,99.20622222222222,56.12370578568799
122,40,225,135,110222,6249.989,53,0.00048084774364464447,117.92432075471697,56.703643555732974
123,40,230,193,109300,6249.954,52,0.0004757548032936871,120.19142307692307,57.18164684354986
124,40,235,75,108445,6249.956,58,0.0005348333256489465,107.75786206896552,57.63249573516529
125,40,240,153,107235,6249.986,61,0.0005688441273837833,102.4587868852459,58.283079218538724
126,40,245,138,106602,6249.942,58,0.0005440798484080974,107.75762068965517,58.62874992964485
127,40,250,208,105625,6249.928,60,0.0005680473372781065,104.16546666666666,59.17091597633136
128,40,255,222,104940,6250.0,59,0.0005622260339241471,105.9322033898305,59.5578425767105
129,40,260,101,103742,6249.931,56,0.0005398006593279481,111.60591071428571,60.24494418846754
130,40,265,163,103258,6249.993,58,0.0005616998198686784,107.75850000000001,60.52793003931899
131,40,270,85,102800,6249.96,59,0.0005739299610894942,105.93152542372881,60.79727626459144
132,40,275,59,101883,6249.998,57,0.0005594652689850122,109.64908771929824,61.34485635483839
133,40,280,277,101184,6249.876,55,0.0005435641998734978,113.63410909090909,61.76743358633776
134,40,285,280,100525,6249.944,54,0.0005371798060184034,115.73970370370371,62.173031584183036
135,40,290,167,99919,6249.987,53,0.0005304296480148921,117.92428301886792,62.55053593410663
136,40,295,143,99193,6249.905,58,0.0005847186797455465,107.75698275862068,63.00752069198431
137,40,300,191,98830,6249.895,63,0.0006374582616614389,99.20468253968255,63.23884448042092
138,40,305,71,98167,6249.986,54,0.0005500830217893998,115.74048148148148,63.66687379669339
139,45,80,50,146652,5079.077,58,0.00039549409486403186,87.57029310344828,34.63353380792625
140,45,85,68,153756,5586.481,65,0.00042274773016987954,85.94586153846153,36.33341788287937
141,45,90,58,160478,6080.192,70,0.000436196861875148,86.85988571428571,37.888009571405426
142,45,95,46,159038,6249.984,65,0.00040870735295967,96.15360000000001,39.298683333542925
143,45,100,57,154258,6249.963,67,0.000434337279103839,93.28302985074626,40.51629737193533
144,45,105,86,150469,6249.982,65,0.0004319826675262014,96.15356923076924,41.536675328472974
145,45,110,98,146970,6249.974,66,0.00044907123902837316,94.69657575757576,42.525508607198745
146,45,115,83,144187,6249.984,68,0.0004716097845159411,91.91152941176472,43.34637658041294
147,45,120,102,141490,6249.962,64,0.0004523287864866775,97.65565625,44.172464485122624
148,45,125,58,139211,6249.962,64,0.000459733785404889,97.65565625,44.895604514011104
149,45,130,130,136960,6249.918,66,0.00048189252336448596,94.69572727272727,45.63316296728972
150,45,135,123,135043,6249.982,65,0.00048132816954599643,96.15356923076924,46.2814214731604
151,45,140,121,133314,6249.981,67,0.0005025728730665947,93.28329850746269,46.8816553400243
152,45,145,89,131305,6249.992,59,0.0004493355165454476,105.93206779661017,47.59904040211721
153,45,150,94,129802,6249.954,58,0.00044683440933113513,107.75782758620689,48.14990524028906
154,45,155,141,127926,6249.964,64,0.0005002892297109266,97.6556875,48.85608867626597
155,45,160,78,126423,6250.0,69,0.0005457867634844926,90.57971014492753,49.437206837363455
156,45,165,128,124916,6249.976,57,0.00045630663806077687,109.64870175438595,50.033430465272666
157,45,170,100,123216,6249.982,63,0.0005112972341254383,99.20606349206349,50.72378587196468
158,45,175,137,121659,6249.933,55,0.0004520832819602331,113.63514545454545,51.37254950311937
159,45,180,94,120159,6249.983,62,0.0005159829892059688,100.80617741935484,52.01427275526594
160,45,185,178,118703,6249.971,60,0.0005054632149145346,104.16618333333332,52.65217391304348
161,45,190,80,117334,6249.978,57,0.00048579269435969114,109.64873684210527,53.26655530366305
162,45,195,112,116411,6249.988,56,0.0004810541959093213,111.60692857142858,53.68898128183763
163,45,200,103,115178,6249.947,58,0.0005035683897966625,107.75770689655172,54.26337495007727
164,45,205,148,113878,6249.9,55,0.00048297300619961714,113.63454545454545,54.882418026308855
165,45,210,192,112980,6249.984,54,0.00047796070100902815,115.74044444444445,55.319383961763144
166,45,215,174,111778,6249.981,56,0.0005009930397752688,111.60680357142857,55.91423178085133
167,45,220,119,110697,6249.951,52,0.00046975076108656964,120.19136538461538,56.45998536545706
168,45,225,102,109688,6249.945,56,0.0005105389832980818,111.6061607142857,56.97929582087375
169,45,230,169,108509,6250.0,50,0.00046079127077016654,125.0,57.59890884627082
170,45,235,160,107720,6249.995,58,0.0005384329743780171,107.75853448275862,58.02074823616784
171,45,240,186,106713,6249.985,52,0.00048728833412986234,120.19201923076922,58.56816882666592
172,45,245,164,105861,6249.919,58,0.0005478882685786078,107.75722413793103,59.038918959768
173,45,250,206,105043,6249.811,54,0.0005140751882562379,115.73724074074073,59.497643822053824
174,45,255,217,104122,6249.85,61,0.0005858512130001344,102.45655737704918,60.024298419162136
175,45,260,65,103518,6249.999,64,0.000618249966189455,97.656234375,60.37596360053324
176,45,265,137,102764,6249.927,65,0.0006325172239305593,96.15272307692307,60.81825347397921
177,45,270,241,102058,6249.822,55,0.0005389092476826903,113.63312727272728,61.23794313037684
178,45,275,226,101233,6249.855,53,0.0005235446939239181,117.92179245283018,61.73732873667677
179,45,280,265,100649,6249.923,49,0.0004868404057665749,127.54944897959183,62.09622549652754
180,45,285,66,99920,6249.98,58,0.0005804643714971977,107.75827586206896,62.54983987189752
181,45,290,237,99700,6249.959,53,0.0005315947843530592,117.92375471698112,62.68765295887663
182,45,295,160,99144,6249.906,54,0.0005446623093681918,115.739,63.03867102396514
183,45,300,227,98353,6249.958,51,0.0005185403597246653,122.54819607843136,63.54618567811861
184,45,305,252,97815,6249.991,50,0.0005111690436027194,124.99982,63.896038439912076
185,50,80,56,154273,5518.407,62,0.00040188497015031797,89.00656451612903,35.770400523746865
186,50,85,73,161626,6055.669,70,0.000433098635120587,86.50955714285715,37.46717112345786
187,50,90,66,160543,6249.979,67,0.0004173336738443906,93.28326865671642,38.93024921672075
188,50,95,84,155329,6249.985,56,0.0003605250790258097,111.60687499999999,40.23707742919867
189,50,100,78,151229,6249.93,67,0.0004430367191477825,93.28253731343284,41.327589285123885
190,50,105,76,147404,6250.0,65,0.0004409649670293886,96.15384615384616,42.40047759897968
191,50,110,108,144392,6249.995,64,0.0004432378525126046,97.656171875,43.284911906476815
192,50,115,113,141975,6249.975,68,0.0004789575629512238,91.91139705882354,44.0216587427364
193,50,120,80,139316,6249.986,68,0.0004880989979614689,91.9115588235294,44.86193976284131
194,50,125,120,136943,6249.91,63,0.00046004542035737496,99.20492063492063,45.638769415012085
195,50,130,84,134965,6249.934,68,0.0005038343274182196,91.91079411764706,46.307813136739156
196,50,135,107,133222,6249.96,61,0.0004578823317470088,102.4583606557377,46.91387308402516
197,50,140,98,131494,6249.989,60,0.00045629458378329047,104.16648333333333,47.5306021567524
198,50,145,101,129688,6249.954,62,0.0004780704459934612,100.80570967741934,48.19223058417124
199,50,150,101,128226,6249.963,62,0.0004835212827351707,100.80585483870968,48.74177623882832
200,50,155,139,126755,6249.985,65,0.000512800284012465,96.15361538461538,49.30760127805609
201,50,160,145,124825,6249.973,59,0.0004726617264169838,105.93174576271187,50.0698818345684
202,50,165,162,123694,6249.931,65,0.0005254903228935923,96.1527846153846,50.52735783465649
203,50,170,130,121723,6249.954,56,0.0004600609580769452,111.60632142857142,51.34571116387207
204,50,175,64,120589,6250.0,62,0.0005141430810438763,100.80645161290323,51.8289396213585
205,50,180,141,119019,6249.992,57,0.00047891513119753987,109.64898245614036,52.512556818659206
206,50,185,156,117725,6249.976,59,0.0005011679762157571,105.93179661016949,53.08962412401784
207,50,190,137,116465,6249.968,56,0.00048083115098956767,111.60657142857143,53.6639161979994
208,50,195,90,115309,6249.975,56,0.0004856515970132427,111.60669642857144,54.20197035790788
209,50,200,136,114112,6249.976,60,0.0005257992148065059,104.16626666666666,54.770541222658444
210,50,205,154,113090,6249.998,61,0.0005393934034839509,102.45898360655737,55.265699885047304
211,50,210,202,111977,6249.888,51,0.0004554506729060432,122.54682352941177,55.81403323896872
212,50,215,128,110944,6249.984,51,0.0004596913758292472,122.54870588235295,56.334583213152584
213,50,220,107,109888,6249.959,59,0.0005369103086779266,105.93150847457626,56.87571891380315
214,50,225,225,108851,6249.99,57,0.0005236515971373713,109.64894736842105,57.417846413905245
215,50,230,210,107756,6249.97,61,0.0005660937674004232,102.45852459016393,58.0011321875348
216,50,235,218,107217,6249.982,55,0.0005129783523135324,113.63603636363636,58.29282669725883
217,50,240,83,105963,6250.0,57,0.0005379236148466917,109.64912280701755,58.98285250511971
218,50,245,216,105274,6249.957,58,0.000550943252844957,107.75787931034483,59.368476546915666
219,50,250,163,104357,6249.999,64,0.0006132794158513564,97.656234375,59.890558371743154
220,50,255,228,103726,6249.984,62,0.0005977286312014345,100.8061935483871,60.2547480863043
221,50,260,130,102861,6249.98,57,0.0005541458861959344,109.64877192982455,60.76141589134852
222,50,265,76,102201,6249.988,58,0.0005675091241768671,107.75841379310346,61.15388303441258
223,50,270,86,101544,6249.973,57,0.0005613330181990073,109.64864912280702,61.5494071535492
224,50,275,263,100833,6249.82,54,0.0005355389604593734,115.7374074074074,61.98189084922595
225,50,280,190,100353,6249.97,56,0.0005580301535579405,111.60660714285714,62.27985212200931
226,50,285,116,99643,6249.943,57,0.0005720421906205153,109.64812280701754,62.723352367953595
227,50,290,61,99176,6249.974,56,0.000564652738565782,111.60667857142857,63.01901669758813
228,50,295,179,98504,6249.951,55,0.0005583529602858767,113.63547272727273,63.44870259075773
229,50,300,150,97840,6249.999,53,0.0005417007358953393,117.92450943396226,63.879793540474246
230,50,305,250,97395,6249.948,53,0.0005441757790440988,117.92354716981133,64.17113814877561
231,55,80,66,160420,5902.305,61,0.0003802518389228276,96.75909836065574,36.792825084154096
232,55,85,65,162496,6249.962,67,0.0004123178416699488,93.28301492537314,38.46225137849547
233,55,90,88,156397,6249.998,64,0.00040921501051810455,97.65621875,39.96239058293957
234,55,95,77,151630,6249.986,68,0.0004484600672690101,91.9115588235294,41.21866385279958
235,55,100,90,147808,6249.976,63,0.0004262286209136177,99.20596825396825,42.284423035289024
236,55,105,100,144458,6249.959,70,0.00048456990959309975,89.28512857142857,43.26488667986543
237,55,110,107,141583,6249.973,64,0.00045203167046891225,97.655828125,44.14352711836873
238,55,115,57,139080,6249.989,68,0.0004889272361230946,91.91160294117647,44.93808599367271
239,55,120,95,136918,6249.94,71,0.0005185585532946727,88.02732394366197,45.64732175462686
240,55,125,59,135001,6249.956,69,0.0005111073251309249,90.57907246376811,46.29562743979674
241,55,130,115,133215,6249.958,62,0.00046541305408550086,100.80577419354839,46.91632323687273
242,55,135,121,131523,6249.952,68,0.0005170198368346221,91.91105882352942,47.51984063623853
243,55,140,134,129640,6249.999,64,0.0004936747917309472,97.656234375,48.210421166306695
244,55,145,119,128156,6249.948,59,0.00046037641624270423,105.93132203389831,48.76828240581791
245,55,150,91,126589,6249.981,69,0.0005450710567268878,90.57943478260869,49.37222823468074
246,55,155,140,125138,6249.979,64,0.0005114353753456185,97.655921875,49.94469305886302
247,55,160,158,123668,6249.953,59,0.0004770838050263609,105.93140677966102,50.53815861823592
248,55,165,162,122071,6249.896,61,0.0004997091856378665,102.45731147540984,51.19885968002228
249,55,170,168,120776,6249.977,60,0.0004967874412134862,104.16628333333333,51.74850135788567
250,55,175,138,119463,6249.995,57,0.0004771351799301876,109.6490350877193,52.3174120857504
251,55,180,172,118011,6249.977,61,0.0005169009668590216,102.4586393442623,52.96096974010897
252,55,185,165,116604,6249.953,61,0.0005231381427738328,102.45824590163934,53.599816472848275
253,55,190,112,115407,6249.985,59,0.0005112341539074753,105.93194915254237,54.156030396769694
254,55,195,104,114520,6249.991,67,0.0005850506461753406,93.28344776119403,54.57554139015019
255,55,200,176,113342,6249.986,59,0.0005205484286495739,105.93196610169491,55.142718497997215
256,55,205,84,112041,6249.977,57,0.0005087423353950785,109.64871929824561,55.78294552886889
257,55,210,159,111172,6249.954,55,0.0004947288885690642,113.63552727272727,56.21877810959594
258,55,215,162,109928,6249.988,62,0.0005640055308929481,100.80625806451613,56.855287097008954
259,55,220,121,109046,6249.973,58,0.0005318856262494727,107.7581551724138,57.31501384736717
260,55,225,149,108138,6249.931,62,0.0005733414710832454,100.80533870967741,57.79588118885128
261,55,230,178,107102,6249.972,60,0.0005602136281301936,104.16619999999999,58.35532483053538
262,55,235,55,106263,6249.983,57,0.000536404957511081,109.64882456140352,58.81617307999962
263,55,240,113,105543,6249.941,64,0.0006063879177207394,97.655328125,59.21701107605431
264,55,245,236,104575,6250.0,59,0.0005641883815443461,105.9322033898305,59.765718383934974
265,55,250,221,103498,6249.958,53,0.0005120871900906298,117.9237358490566,60.38723453593306
266,55,255,185,102902,6249.954,56,0.0005442071096771686,111.60632142857142,60.7369536063439
267,55,260,245,102419,6249.797,58,0.0005663011745867466,107.75512068965517,61.02185141428836
268,55,265,86,101513,6249.986,58,0.0005713553929053422,107.75837931034482,61.56833114970497
269,55,270,228,101012,6249.889,51,0.0005048905080584485,122.54684313725491,61.87273789252762
270,55,275,216,100321,6249.914,54,0.0005382721464100239,115.73914814814815,62.29915969737144
271,55,280,176,99622,6249.96,58,0.0005822007187167494,107.75793103448277,62.73674489570577
272,55,285,222,99157,6249.875,58,0.0005849309680607521,107.75646551724138,63.03009368980506
273,55,290,128,98500,6249.995,52,0.0005279187817258883,120.19221153846154,63.45172588832487
274,55,295,194,98003,6249.948,51,0.0005203922328908298,122.548,63.77302735630542
275,55,300,264,97435,6249.841,58,0.0005952686406322164,107.75587931034484,64.14369579719813
276,55,305,298,96929,6249.993,48,0.000495207832537218,130.2081875,64.48011431047468
277,60,80,70,165045,6249.989,70,0.0004241267533097034,89.28555714285714,37.868393468448
278,60,85,68,158080,6249.967,69,0.00043648785425101216,90.57923188405796,39.536734564777326
279,60,90,65,152347,6250.0,65,0.00042665756463862106,96.15384615384616,41.02476583063664
280,60,95,66,148156,6249.983,68,0.0004589756742892627,91.91151470588235,42.185149437079836
281,60,100,93,144684,6249.952,70,0.0004838129993641315,89.28502857142857,43.19725747145503
282,60,105,94,141314,6249.979,68,0.00048119789971269654,91.91145588235294,44.2275995301244
283,60,110,86,138702,6249.946,64,0.00046142088794682125,97.65540625,45.06024426468256
284,60,115,89,136775,6249.996,65,0.0004752330469749589,96.15378461538462,45.69545604094316
285,60,120,82,134686,6249.986,64,0.00047517930594122624,97.65603125,46.4041251503497
286,60,125,122,132932,6249.919,65,0.0004889718051334517,96.15259999999999,47.015910390274726
287,60,130,105,131021,6249.972,59,0.0004503094923714519,105.93172881355932,47.7020630280642
288,60,135,92,129555,6249.993,64,0.0004939986878159855,97.656140625,48.24200532592335
289,60,140,127,128029,6249.952,62,0.0004842652836466738,100.80567741935484,48.81668996867897
290,60,145,65,126339,6249.968,66,0.0005224040082634816,94.69648484848484,49.46982325331054
291,60,150,79,125118,6249.974,61,0.0004875397624642338,102.45859016393443,49.952636710944866
292,60,155,150,123684,6249.997,62,0.0005012774489828918,100.80640322580646,50.53197665017302
293,60,160,148,122127,6249.989,57,0.000466727259328404,109.64892982456139,51.17614450531005
294,60,165,154,120942,6249.945,62,0.0005126424236410841,100.80556451612902,51.67720891005606
295,60,170,170,119456,6249.956,63,0.0005273908384677204,99.20565079365079,52.32015135279936
296,60,175,160,118247,6249.915,60,0.0005074124502101533,104.16525,52.85474472925317
297,60,180,64,116671,6249.998,57,0.0004885532823066572,109.64908771929824,53.56942170719373
298,60,185,167,115396,6249.924,57,0.0004939512634753371,109.64778947368421,54.160664147804084
299,60,190,88,114455,6249.987,60,0.0005242234939495872,104.16645,54.60650037132498
300,60,195,157,113177,6249.997,57,0.0005036358977530771,109.6490701754386,55.22320789559716
301,60,200,152,112203,6249.966,53,0.00047235813659171323,117.92388679245283,55.702307424935164
302,60,205,130,111110,6249.992,62,0.0005580055800558006,100.80632258064516,56.25049050490505
303,60,210,178,110250,6249.981,56,0.0005079365079365079,111.60680357142857,56.68917006802721
304,60,215,171,109063,6249.962,55,0.0005042956823120582,113.63567272727273,57.30597911298974
305,60,220,171,108294,6249.975,56,0.000517110827931372,111.60669642857144,57.71303119286387
306,60,225,72,107233,6249.974,61,0.0005688547368813705,102.45859016393443,58.28405434894109
307,60,230,141,106393,6249.988,56,0.0005263504177906441,111.60692857142858,58.744353481902
308,60,235,87,105429,6249.94,57,0.0005406482087471189,109.64807017543859,59.28103273292927
309,60,240,73,104484,6249.986,62,0.0005933922897285709,100.80622580645161,59.817637150185675
310,60,245,107,103942,6249.96,54,0.0005195205018183218,115.74,60.12930288045256
311,60,250,224,103012,6249.996,57,0.0005533335922028502,109.64905263157895,60.67250417427096
312,60,255,190,102397,6249.907,56,0.0005468910221979159,111.60548214285714,61.0360362119984
313,60,260,124,101496,6249.978,54,0.0005320406715535588,115.74033333333334,61.57856467249941
314,60,265,257,100781,6249.846,54,0.0005358152826425616,115.73788888888888,62.01412964745339
315,60,270,176,100249,6249.993,56,0.0005586090634320542,111.60701785714286,62.34469171762312
316,60,275,96,99713,6249.973,54,0.0005415542607282902,115.74024074074075,62.67962051086619
317,60,280,214,99119,6249.972,51,0.0005145330360475792,122.54847058823529,63.05523663475217
318,60,285,67,98453,6249.96,55,0.0005586421947528262,113.63563636363637,63.481661300315885
319,60,290,277,97807,6249.924,56,0.000572556156512315,111.60578571428572,63.90057971310847
320,60,295,108,97158,6249.99,52,0.0005352106877457338,120.19211538461538,64.32810473661459
321,60,300,149,96783,6250.0,53,0.000547616833534815,117.9245283018868,64.57745678476591
322,60,305,101,96414,6249.925,58,0.0006015723857531064,107.7573275862069,64.8238326384135
323,65,80,77,159431,6249.957,61,0.00038261065915662574,102.45831147540984,39.20164208968143
324,65,85,66,153117,6249.954,61,0.00039838816068757876,102.45826229508197,40.81815866298321
325,65,90,86,148286,6249.983,65,0.00043834212265486964,96.15358461538462,42.14816638118231
326,65,95,78,144254,6249.972,66,0.00045752630776269633,94.69654545454546,43.32616079970053
327,65,100,89,141030,6249.994,68,0.000482166914840814,91.91167647058823,44.31676948167057
328,65,105,100,138527,6249.963,70,0.0005053166530712424,89.28518571428572,45.117291213987166
329,65,110,66,136158,6249.958,66,0.0004847309743092584,94.69633333333333,45.90224592018097
330,65,115,74,134108,6249.957,63,0.00046977063262445195,99.20566666666667,46.6039087899305
331,65,120,75,132165,6249.947,64,0.00048424318087239435,97.655421875,47.288972118185605
332,65,125,103,130714,6249.951,64,0.0004896185565432929,97.655484375,47.8139372982236
333,65,130,77,129179,6249.999,65,0.000503177761091199,96.15383076923077,48.382469286803584
334,65,135,66,127549,6249.99,61,0.000478247575441595,102.45885245901638,49.00069777105269
335,65,140,105,126098,6249.975,63,0.000499611413345176,99.20595238095238,49.564426081301846
336,65,145,119,124867,6250.0,61,0.0004885197850512946,102.45901639344262,50.05325666509166
337,65,150,86,123475,6250.0,58,0.00046973071471957884,107.75862068965517,50.61753391374772
338,65,155,94,122145,6249.977,61,0.0004994064431618159,102.4586393442623,51.16850464611732
339,65,160,89,120920,6249.946,62,0.0005127356930201786,100.80558064516129,51.68661925239828
340,65,165,163,119453,6249.956,51,0.0004269461629260044,122.5481568627451,52.32146534620311
341,65,170,158,118337,6249.989,55,0.0004647743309362245,113.63616363636363,52.81517192425024
342,65,175,98,116935,6249.967,59,0.0005045538119468081,105.9316440677966,53.448214820199254
343,65,180,140,115731,6249.95,55,0.00047523999619808005,113.63545454545454,54.00411298614891
344,65,185,123,114600,6249.99,58,0.000506108202443281,107.75844827586207,54.53743455497382
345,65,190,130,113510,6249.975,57,0.0005021584001409568,109.64868421052633,55.06100784071888
346,65,195,168,112568,6249.948,57,0.0005063605998152229,109.6482105263158,55.52153365077109
347,65,200,123,111273,6249.987,61,0.0005482012707485194,102.45880327868852,56.16804615674962
348,65,205,74,110261,6249.986,59,0.0005350940042263357,105.93196610169491,56.68355991692439
349,65,210,127,109167,6250.0,65,0.000595418029257926,96.15384615384616,57.251733582492875
350,65,215,139,108338,6249.934,62,0.0005722830401151951,100.8053870967742,57.68921338773099
351,65,220,181,107361,6249.907,61,0.0005681765259265469,102.45749180327869,58.21394174793454
352,65,225,186,106566,6250.0,56,0.0005254959367903459,111.60714285714286,58.64910008820824
353,65,230,141,105668,6249.924,62,0.0005867433849415149,100.80522580645162,59.14679940947117
354,65,235,198,104684,6249.899,58,0.0005540483741545986,107.75687931034483,59.70252378586986
355,65,240,213,103718,6249.976,58,0.0005592086233826337,107.75820689655171,60.259318536801715
356,65,245,228,103133,6249.937,56,0.0005429881803108608,111.60601785714286,60.60074854799143
357,65,250,169,102387,6249.961,54,0.0005274107064373407,115.74001851851853,61.04252492992274
358,65,255,236,101648,6249.932,57,0.0005607586966787344,109.6479298245614,61.48603022194239
359,65,260,240,100990,6249.933,53,0.0005248044360827805,117.9232641509434,61.88665214377661
360,65,265,182,100082,6249.957,55,0.0005495493695169961,113.63558181818182,62.44836234287884
361,65,270,183,99834,6249.943,57,0.0005709477733036841,109.64812280701754,62.60335156359557
362,65,275,245,98966,6249.97,58,0.0005860598589414546,107.75810344827586,63.15269890669523
363,65,280,219,98416,6249.977,57,0.0005791741180295887,109.64871929824561,63.505700292635346
364,65,285,79,97914,6250.0,51,0.0005208652490961456,122.54901960784314,63.83152562452765
365,65,290,69,97322,6249.981,50,0.0005137584513265243,124.99962,64.21961118760403
366,65,295,218,96805,6249.961,50,0.0005165022467847736,124.99922000000001,64.5623779763442
367,65,300,252,96405,6249.96,50,0.0005186452984803693,124.9992,64.83024739380737
368,65,305,142,95965,6249.925,58,0.0006043870160996196,107.7573275862069,65.12712968269682
